company_name,pain_points,pitch,url
Digital Agency Network (DAN),"['Converting free users (agencies, SaaS tools) into paid premium members and consistently attracting new high-value paying listings.', ""Differentiating DAN's platform and clearly articulating a superior, quantifiable value proposition to both prospective and existing premium members in a competitive market."", 'Ensuring sustained engagement and demonstrating clear ROI for all listed agencies and SaaS tools to drive long-term retention and reduce churn.']","Subject: Unlocking Further Growth for Digital Agency Network's Premium Offerings

Dear Digital Agency Network Team,

I've been consistently impressed by how DAN has established itself as a comprehensive and dynamic hub for the global digital marketing ecosystem, effectively connecting agencies, SaaS tools, and brands. Your extensive directories, insightful resources, and industry updates clearly position you as a valuable go-to platform.

However, in a landscape as competitive and fast-evolving as digital marketing, we understand that even leading platforms like DAN can face challenges in:

1.  **Optimizing Paid Membership Growth:** Effectively converting your engaged free users (agencies and SaaS tools) into loyal, recurring premium members, and continuously attracting new high-value listings.
2.  **Articulating and Reinforcing a Differentiated Value Proposition:** Standing out amidst other agency directories and marketplaces, and clearly demonstrating a superior, quantifiable ROI for your premium agencies, SaaS partners, and the brands you serve.

We specialize in strategic B2B marketing and conversion optimization specifically for membership-based platforms. Our expertise lies in refining value messaging, streamlining onboarding and upgrade paths, and implementing targeted engagement strategies to significantly boost paid membership acquisition and retention. We can work with you to analyze your current funnels, identify key friction points, and develop tailored campaigns that effectively highlight DAN's unique benefits, driving more agencies and SaaS tools to not just join, but to *invest* in your platform.

Would you be open to a brief 20-minute discussion next week to explore how we could help DAN accelerate its premium membership growth and cement its position as the undisputed leader?",https://digitalagencynetwork.com/agencies/berlin/
Brixon Group,"[""Intense Competition for Client Acquisition: The article itself states 'over 150 agencies offering LinkedIn services' in Berlin, creating a crowded market where standing out and winning new B2B clients is a constant challenge."", ""Reaching High-Value Berlin B2B Decision-Makers at Scale: While Brixon Group's content is expert-level, effectively initiating direct conversations with busy C-level executives and founders in a targeted, scalable manner can be resource-intensive, even for an agency focused on executive positioning."", 'Optimizing their own lead generation beyond inbound content: Even with strong thought leadership content, converting passive readers into active sales conversations with their specific ideal client profile (Berlin C-level) often requires additional, proactive outbound strategies to accelerate growth.']","Subject: Scaling Your Impact: More Berlin C-Levels for Brixon Group

Hi [Brixon Group Contact Name],

I've been truly impressed by Brixon Group's deep expertise in 'Personal Branding for B2B Decision-Makers' in Berlin, especially your insights into the capital's unique business ecosystem and the crucial need for executive visibility. You accurately highlight a significant challenge: Berlin has 'over 150 agencies offering LinkedIn services,' making the market incredibly competitive.

This immediately made me think: while you're expertly mastering executive positioning for your clients, how effectively are *you yourselves* cutting through that very noise to consistently reach and convert your ideal prospects—those C-level decision-makers and founders in Mitte, Kreuzberg, and Potsdamer Platz?

At [My Company Name], we specialize in hyper-targeted B2B outreach and direct engagement strategies that complement your excellent content marketing. We help expert agencies like Brixon Group not just attract leads, but initiate *direct, qualified conversations* with precisely the Berlin B2B decision-makers you aim to serve, all without draining your internal resources.

Imagine amplifying your thought leadership by getting it directly in front of the right 100 executives each month, leading to more immediate sales opportunities and truly standing out amidst Berlin's competitive agency scene. 

Would you be open to a brief 15-minute chat next week to explore how we could streamline and scale your client acquisition, allowing you to focus even more on delivering outstanding results for your clients?",https://brixongroup.com/en/linkedin-marketing-agency-berlin-personal-branding-for-b2b-decision-makers/
Seedtable,"['Maintaining real-time accuracy and comprehensive detail across 71,000+ dynamic startups, including funding rounds, leadership changes, and industry shifts.', 'Providing complete, verified direct contact information (beyond partial emails) for key decision-makers within the tracked companies to facilitate immediate outreach for their users.']","Hi [Contact Name],

I'm consistently impressed by Seedtable's commitment to tracking and dynamically ranking over 71,000 startups, offering invaluable insights for investors and industry observers. Your 'Seedtable Score' and expert manual oversight truly set you apart as the definitive resource.

However, keeping real-time, comprehensive data on such a vast, rapidly evolving ecosystem can be a monumental task. I imagine it's challenging to ensure every funding round, leadership change, and critical detail is instantly updated across all 71,000+ profiles. Furthermore, while you identify key personnel, providing complete, verified direct contact information for these decision-makers would undoubtedly empower your users to act on your insights more directly, accelerating their outreach efforts.

Our platform specializes in AI-driven data enrichment and real-time verification, designed to seamlessly integrate with existing systems. We help companies like yours automate the surfacing of the freshest company data, including validated direct contact details for founders and executives.

By complementing your powerful 'Seedtable Score' with even more granular, real-time data and actionable contact information, we believe we can help you further elevate Seedtable's value proposition, driving deeper user engagement and stronger subscription growth.

Would you be open to a quick 15-minute chat next week to see how we could support your mission?",https://www.seedtable.com/best-b2b-startups-in-germany
Lead Generation Agency Berlin | Power Up Sales Growth,"['Differentiating their unique value proposition in a competitive lead generation market like Berlin.', 'Consistently optimizing their own client acquisition funnel to attract high-value clients for their services, mirroring the success they achieve for others.']","Subject: Scaling Your Own Success, Pearllemonleads.com

Hi Team at Pearllemonleads.com,

As a ""Lead Generation Agency Berlin"" focused on powering up sales growth for your clients, you're undoubtedly experts at navigating the complexities of modern lead generation.

However, even the most successful agencies often find themselves in a unique position:

1.  **Differentiating your unique value:** In a competitive market like Berlin, how do you cut through the noise to clearly articulate what makes Pearllemonleads.com the *premier* choice for sales growth?
2.  **Optimizing your *own* client acquisition:** While you master lead generation for others, are you consistently attracting and converting high-value clients for *your own* services as efficiently as possible?

We specialize in helping agencies like yours not just attract clients, but *attract the right clients* by amplifying your unique expertise and refining your own go-to-market strategy. We've seen how a focused approach to an agency's *own* branding and lead generation can significantly accelerate their growth.

Would you be open to a brief 15-minute chat next week to explore how we could help Pearllemonleads.com achieve even greater heights in your *own* sales growth journey?",https://pearllemonleads.com/lead-generation-agency-berlin-spain/
